{"loss": [0.30237606167793274, 0.11145345121622086, 0.07593454420566559, 0.05985966697335243, 0.04656755551695824, 0.035172123461961746, 0.023846765980124474, 0.027856770902872086, 0.027111152186989784, 0.019157936796545982], "accuracy": [0.8726993799209595, 0.9583972096443176, 0.9737346768379211, 0.9783359169960022, 0.9823619723320007, 0.988113522529602, 0.9900306463241577, 0.988113522529602, 0.9900306463241577, 0.9930981397628784], "val_loss": [0.8760585784912109, 0.5407654047012329, 0.4491197466850281, 0.8577448129653931, 0.3659350872039795, 0.17448338866233826, 0.03385000303387642, 0.54009610414505, 0.007007172331213951, 0.10412879288196564], "val_accuracy": [0.625, 0.6875, 0.6875, 0.625, 0.75, 0.875, 1.0, 0.75, 1.0, 0.9375]}